Washington	Washington, D.C.
La_Coruna	A Coruña
Abidjan	Abidjan
it-65	Abruzzen
Abu_Dhabi	Abu Dhabi
Abuja	Abuja
Accra	Accra
Addis_Ababa	Addis Abeba
Adelaide	Adelaide
af	Afghanistan
africa	Afrika
fr-b	Aquitanien
us-al	Alabama
Aland	Åland
Albacete	Albacete
al	Albanien
ca-ab	Alberta
Alicante	Alicante
ALASKA_RANGE	Alaskas Berge
Almeria	Almería
ALPS	Alpen
fr-a	Elsass
ALTAY_MOUNTAINS	Altai
Algiers	Algier
dz	Algerien
Amazon	Amazonas
Amman	Amman
Amsterdam	Amsterdam
Amur	Amur
Amu_Darya	Amudarja
cn-34	Anhui
es-an	Andalusien
in-ap	Andhra Pradesh
Andorra	Andorra
ANDES	Anden
Angers	Angers
ao	Angola
Ankara	Ankara
CHAINE_ANNAMITIQUE	Truong-Son-Gebirge, Annamitische Kordillere
Antananarivo	Antananarivo
APPENNINI	Apennin
APPALACHIAN_MTS.	Appalachen
it-75	Apulien
es-ar	Aragonien
Aral_Sea	Aralsee
Ardennes	Ardennen
ar	Argentinien
us-az	Arizona
us-ar	Arkansas
am	Armenien
in-ar	Arunachal Pradesh
As	Asch
in-as	Assam
Ashgabat	Aşgabat
asia	Asien
Asmara	Asmara
Astana	Astana
es-as	Asturien
Asuncion	Asuncion
Athens	Athen
Atlanta	Atlanta
ATLAS_MOUNTAINS	Atlas
Auckland	Auckland
Augsburg	Augsburg
Austin	Austin
au	Australien
oceania	Australien und Oceanien
fr-c	Auvergne
az	Aserbaidschan
de-bw	Baden-Württemberg
BAFFIN_ISLAND	Baffin Island
Baghdad	Bagdad
Baguio_City	Baguio City
bs	Bahamas
Lake_Baikal	Baikalsee
Baku	Baku
Balqash_Koli	Balchaschsee
es-pm	Balearen
Baltimore	Baltimore
Bamako	Bamako
Bandar_Seri_Begawan	Bandar Seri Begawan
Bangalore	Bangalore
Bangkok	Bangkok
bd	Bangladesch
Bangui	Bangui
Banjul	Banjul
Banovce_nad_Bebravou	Banowitz
Banska_Bystrica	Neusohl
Banska_Stiavnica	Schennitz
sk-bc	Neusohler
Barcelona	Barcelona
Bardejov	Bartfeld
Bari	Bari
it-77	Basilikata
es-pv	Baskenland
Basseterre	Basseterre
de-by	Bayern
Becva	Betschwa
Beirut	Beirut
Belgrade	Belgrad
Belfast	Belfast
be	Belgien
bz	Belize
Belmopan	Belmopan
by	Weißrussland
Venice	Venedig
it-34	Venetien
Benesov	Beneschau
bj	Benin
Bergamo	Bergamo
Berlin	Berlin
de-be	Berlin
Bern	Bern
Beroun	Beraun
Berounka	Beraun
Beskydy	Beskiden
bt	Bhutan
Bielefeld	Bielefeld
in-br	Bihar
Bilbao	Bilbao
Bile_Karpaty	Weiße Karpaten
Bilina	Bilin
Bir_Lehlou	Bir Lehlou
Birmingham	Birmingham
Bishkek	Bischkek
Blansko	Blanz
Bloemfontein	Bloemfontein
Bogota	Bogotá
Bohol	Bohol
Bohumin	Oderberg
bo	Bolivien
Bologna	Bologna
Bonn	Bonn
Bordeaux	Bordeaux
BORNEO	Borneo
Boskovice	Boskowitz
ba	Bosnien und Herzegowina
Boston	Boston
bw	Botswana
Bournemouth	Bournemouth
Bradford	Bradford
Brahmaputra	Brahmaputra
Brandys_nad_Labem-Stara_Boleslav	Brandeis a.d. Elbe-Altbunzlau
de-bb	Brandenburg
Brasilia	Brasília
Bratislava	Bratislava
sk-bl	Bratislavaer, Pressburger
br	Brasilien
Brdy	Bridy-Bergland
Breclav	Lundenburg
Bregenz	Bregenz
de-hb	Bremen
Bremen	Bremen
fr-e	Bretagne
Brezno	Bries
Bridgeport	Bridgeport
Bridgetown	Bridgetown
Brighton	Brighton
Brisbane	Brisbane
Bristol	Bristol
ca-bc	British Columbia
Brno	Brünn
BROOKS_RANGE	Brookskette
bn	Brunei
Bruntal	Freudenthal
Brussels	Brüssel
Budapest	Budapest
Buenos_Aires	Buenos Aires
Buffalo	Buffalo
Bujumbura	Bujumbura
Bucharest	Bukarest
bg	Bulgarien
at-bu	Burgenland
Burgos	Burgos
fr-d	Burgund
bf	Burkina Faso
bi	Burundi
Bytca	Bitscha
td	Tschad
Cadca	Tschadsa
Cadiz	Cádiz
Caen	Caen
Cagliari	Cagliari
Calgary	Calgary
Canberra	Canberra
in-ct	Chhattisgarh
Caracas	Caracas
Cardiff	Cardiff
Cartagena	Cartagena
Casablanca	Casablanca
Caserta	Caserta
Castello	Castello
Castries	Castries
Catania	Catania
cn-63	Qinghai
cn-50	Chongqing
SRI_LANKA	Ceylon
fr-f	Centre
me	Montenegro
Ceska_Lipa	Böhmisch Leipa
cz	Tschechien
Ceska_Trebova	Böhmisch Trübau
Ceske_Budejovice	Budweis
Ceske_Stredohori	Böhmisches Mittelgebirge
Ceskomoravska_vrchovina	Böhmisch-Mährische Höhe
	německy
Cesky_Krumlov	Böhmisch Krumau
Cesky_les	Böhmischer Wald
Cesky_Tesin	Tschechisch-Teschen
cn-33	Zhejiang
cn-46	Hainan
fr-g	Champagne-Ardenne
Khartoum	Khartum
Cheb	Eger
cn-23	Heilongjiang
Chemnitz	Chemnitz
cn-41	Henan
Chengdu	Chengdu
cn-13	Hebei
Chicago	Chicago
cl	Chile
Chodov	Chodau
Chomutov	Komotau
hr	Kroatien
Chriby	Marsgebirge
Chrudim	Chrudim
cn-43	Hunan
cn-42	Hubei
cn	China
Cincinnati	Cincinnati
Clermont-Ferrand	Clermont-Ferrand
Cleveland	Cleveland
Colombo	Colombo
us-co	Colorado
Columbus	Columbus
Como	Como
Conakry	Conakry
Congo	Kongo
us-ct	Connecticut
Cordoba	Córdoba
Coventry	Coventry
Cranbourne	Casey City
Dakar	Dakar
Dalalven	Dalälven
Dallas	Dallas
Damascus	Damaskus
dk	Dänemark
Dar_es_Salaam	Daressalam
Darling	Darling River
Decin	Tetschen
us-de	Delaware
cd	Demokratische Republik Kongo
Denver	Denver
Detroit	Detroit
Detva	Gyetva
Dhaka	Dhaka
Dijon	Dijon
Dili	Dili
in-dl	Delhi
Dinaric_Alps	Dinarisches Gebirge
Dnepre	Dnepr
Dniester	Dnister
Dodoma	Dodoma
Doha	Doha
fr-p	Basse-Normandie
at-no	Niederösterreich
de-ni	Niedersachsen
Dolny_Kubin	Unterkubin
Domazlice	Taus
do	Dominikanische Republik
Don	Don
Dortmund	Dortmund
Doupovske_hory	Duppauer Gebirge
Drahanska_vrchovina	Drahaner Bergland
Drava	Drau
Dresden	Dresden
Dubai	Dubai
Dublin	Dublin
Dubnica_nad_Vahom	Dubnitz an der Waag
Duero	Duero
Duisburg	Duisburg
Danube	Donau
Dunajska_Streda	Niedermarkt
de-th	Thüringen
Dushanbe	Duschanbe
Dusseldorf	Düsseldorf
Dvur_Kralove_nad_Labem	Königinhof an der Elbe
Dyje	Mühlfraun
in-jk	Jammu und Kashmir
in-jh	Jharkhand
Djibouti	Dschibuti
dj	Dschibuti
Ebro	Ebro
Edinburgh	Edinburg
Edmonton	Edmonton
eg	Ägypten
Eisenstadt	Eisenstadt
ec	Ecuador
ELLESMERE_ISLAND	Ellesmere Island
it-45	Emilia-Romagna
L._Erie	Eriesee
er	Eritrea
Essen	Essen
ee	Estland
et	Äthiopien
ETHIOPIAN_HIGHLANDS	Hochland von Äthiopien
Euphrates	Euphrat
europe	Europa
es-ex	Extremadura
fk	Falkland
fj	Fidschi
Filakovo	Fileck
ph	Philippinen
fi	Finnland
Florence	Florencia
us-fl	Florida
Foggia	Foggia
Fort_Lauderdale	Fort Lauderdale
fr-i	Freigrafschaft
fr	Frankreich
gf	Französisch - Guayana
Frankfurt	Frankfurt
Freetown	Freetown
Frenstat_pod_Radhostem	Frankstadt unter dem Radhoscht
Frydek-Mistek	Friedeck-Mistek
Ft._Worth	Fort Worth
Funafuti	Funafuti
it-36	Friaul-Julisch Venetien
cn-35	Fujian
ga	Gabun
Gaborone	Gaborone
Galanta	Gallandau
es-ga	Galicien
gm	Gambia
Ganges	Ganges
Garonne	Garonne
Georgetown	Georgetown
us-ga	Georgia
gh	Ghana
Gijon	Gijón
Glasgow	Glasgow
Glomma	Glomma
in-ga	Goa
Gold_Coast	Gold Coast
Gotland	Gotland
Grampian_Mts.	Grampian
Granada	Granada
Graz	Graz
Grenoble	Grenoble
gl	Grönland
GREENLAND	Grönland
ge	Georgien
gt	Guatemala
Guatemala	Guatemala
in-gj	Gujarat
gn	Guinea
gw	Guinea-Bissau
gy	Guyana
HAINAN	Hainan
ht	Haiti
Halifax	Halifax
Hamburg	Hamburg
de-hh	Hamburg
Handlova	Krickerhau
Hannover	Hannover
Hanoi	Hanoi
Harare	Harare
Hardanger-vidda	Hardangervidda
Hargeysa	Hargeysa
in-hr	Haryana
Harz	Harz
Havana	Havanna
Havirov	Hawirzow
Havlickuv_Brod	Deutschbrod
Heidelberg	Heidelberg
Helsinki	Helsinki
de-he	Hessen
in-hp	Himachal Pradesh
HIMALAYAS	Himalaya
HINDU_KUSH	Hindukusch
Hlohovec	Freistadt
Hlucin	Hultschin
Hodonin	Göding
HOKKAIDO	Hokkaido
Holesov	Holleschau
Holic	Holitsch
hn	Honduras
Hong_Kong	Hongkong
Honiara	Honiara
HONSHU	Honshu
Lake_Superior	Oberer See
fr-q	Haute-Normandie
at-oo	Oberösterreich
Houston	Houston
Hradec_Kralove	Königgrätz
Hranice	Mährisch Weißkirchen
Hruby_Jesenik	Altvatergebirge
Humenne	Homenau
Lake_Huron	Huronsee
Ibiza	Ibiza
us-id	Idaho
fr-j	Île-de-France
us-il	Illinois
us-in	Indianapolis
Indianapolis	Indianapolis
in	Indien
id	Indonesien
Indus	Indus
Innsbruck	Innsbruck
us-ia	Iowa
iq	Irak
ir	Iran
IRELAND	Island
ie	Irland
Irvine	Irvine
Islamabad	Islamabad
is	Island
ICELAND	Island
Istanbul	Istanbul
it	Italien
il	Israel
Jablonec_nad_Nisou	Gablonz an der Neiße
Jakarta	Jakarta
jm	Jamaika
Chang_(Yangtze)	Jangtsekiang
Genoa	Genua
jp	Japan
JAVA	Java
Javorniky	Javorník-Gebirge
ye	Jemen
Yenisey	Jenissei
Yerevan	Jerewan
Jerusalem	Jerusalem
Jesenik	Freiwaldau
Jestedsko-kozakovsky_hrbet	Jeschken-Kosakow-Kamm
Jicin	Jitschin
Jihlava	Iglau
za	Südafrika
cz-jc	Südböhmische Region
cz-jm	Südmährische Region
Jindrichuv_Hradec	Neuhaus
Jirkov	Görkau
Jizera	Iser
Jizerske_hory	Isergebirge
samerica	Südamerika
au-sa	South Australia
us-sd	Süd - Dakota
us-sc	Süd - Karolina
Transylvanian_Alps	Transsilvanische Alpen
kr	Südkorea
SOUTH_ISLAND	Südinsel (Neuseeland)
ss	Südsudan
Johannesburg	Johannesburg
jo	Jordanien
Juba	Juba
cn-53	Yunnan
Jura	Jura
Kabul	Kabul
Kadan	Kaaden
Cairo	Kairo
Calabria	Kalabrien
it-78	Kalabrien
us-ca	Kalifornien
Kolkata	Kalkutta
Kama	Kama
kh	Kambodscha
Cambrian_Mts.	Kambrien
cm	Kamerun
Kampala	Kampala
it-72	Kampanien
ca	Kanada
us-ks	Kansas  
Kansas_City	Kansas City
cn-62	Gansu
Cord._Cantabrica	Kantabrisches Gebirge
es-cb	Kantabrien
Cape_Town	Kapstadt
KARAKORAM_RA.	Karakorum
cz-ka	Karlsbader Region
Karlovy_Vary	Karlsbad
Karlsruhe	Karlsruhe
in-ka	Karnataka
CARPATHIAN_MOUNTAINS	Karpaten
Karvina	Karwin
CASCADE_RANGE	Kaskadenkette
es-cl	Kastilien und León
es-cm	Kastilien-La Mancha
es-ct	Katalonien
qa	Katar
Kathmandu	Kathmandu
CAUCASUS_MTS.	Kaukasus
kz	Kasachstan
KUNLUN_MOUNTAINS	Kunlun Shan
Kemijoki	Kemijoki
ke	Kenia
us-ky	Kentucky
in-kl	Kerala
Kezmarok	Käsmark
Kigali	Kigali
Kingston	Kingston
Kingston_upon_Hull	Kingston upon Hull
Kingstown	Kingstown
Kinshasa	Kinshasa
Chisinau	Chișinău
KYUSHU	Kyushu
Kladno	Kladno
Klagenfurt	Klagenfurt am Wörthersee
Klasterec_nad_Ohri	Klösterle an der Eger
Klatovy	Klattau
Koblenz	Koblenz
Kobenhavn	Kopenhagen
Kolarovo	Kolárovo
Kolguyev_I.	Kolgujew
Kolin	Kolin
Cologne	Köln
co	Kolumbien
Komarno	Komorn
cg	Kongo
Koprivnice	Nesselsdorf
Corse	Korsika
fr-h	Korsika
at-ka	Kärnten
Kosice	Kaschau
sk-ki	Kachauer
xk	Kosovo
cr	Costa Rica
cz-kr	Königgrätzer Region
Kralupy_nad_Vltavou	Kralup an der Moldau
Crete	Kreta
Krkonose	Riesengebirge
Krnov	Jägerndorf
Kromeriz	Kremsier
Krusne_hory	Erzgebirge
Erzgebirge	Erzgebirge
Kuala_Lumpur	Kuala Lumpur
cn-45	Guangxi
cn-44	Guangdong
cu	Kuba
cn-52	Guizhou
Kutna_Hora	Kuttenberg
Kuwait	Kuwait-Stadt
kw	Kuwait
Kiev	Kiew
Kyjov	Gaya
kg	Kirgisistan
Kysucke_Nove_Mesto	Kischützeneustadt
La_Paz	La Paz
es-lo	La Rioja
Laayoune	El Aaiún
Labe	Elbe
Elbe	Elbe
LABRADOR	Labrador
Lake_Ladoga	Ladogasee
Lagos	Lagos
fr-k	Languedoc-Roussillon
la	Laos
Las_Vegas	Las Vegas
it-62	Latium
Le_Havre	La Havre
Lecce	Lecce
Leeds	Leeds
Leicester	Leicester
Lena	Lena
Lesbos	Lesbos
ls	Lesotho
Levice	Lewenz
Levoca	Leutschau
Leyte	Leyte
cn-21	Liaoning
lb	Libanon
Liberec	Reichenberg
cz-li	Reichenberger Region
lr	Liberia
Libreville	Libreville
ly	Libyen
it-42	Ligurien
Lille	Lille
Lilongwe	Lilongwe
Lima	Lima
Limoges	Limoges
fr-l	Limousin
Limpopo	Limpopo
Linz	Linz
Leipzig	Lipsko
Liptovsky_Mikulas	Liptau-Sankt-Nikolaus
Lisbon	Lissabon
Litomerice	Leitmeritz
lt	Litauen
Litvinov	Leutensdorf
Liverpool	Liverpool
Livorno	Livorno
Lofoten	Lofoten
Loire	Loire
it-25	Lombardei
Lome	Lomé
London	London
London_Ca	London
Long_Beach	Long Beach
Los_Angeles	Los Angeles
fr-m	Lothringen
lv	Lettland
us-la	Louisiana
Louny	Laun
Luanda	Luanda
Ljubljana	Ljubljana
Luxembourg	Luxemburg
lu	Luxemburg
Lucenec	Lizenz
Lusaka	Lusaka
Luzicke_hory	Lausitzer Gebirge
Luznice	Luschnitz
LUZON	Luzon
Lyon	Lyon
Mackenzie	Mackenzie River
mg	Madagaskar
MADAGASCAR	Madagaskar
hu	Ungarn
in-mp	Madhya Pradesh
Madrid	Madrid
es-md	Madrid
in-mh	Maharashtra
us-me	Maine
mk	Mazedonien
Malabo	Malabo
Malacky	Malatzka
Malaga	Málaga
my	Malaysia
mw	Malawi
Lake_Malawi	Malawisee
Male	Malé
ml	Mali
Mallorca	Mallorca
Malta	Malta
Managua	Managua
Manama	Manama
Manchester	Manchester
Manila	Manila
in-mn	Manipur
ca-mb	Manitoba
Mannheim	Mannheim
Maputo	Maputo
Marbella	Marbella
it-57	Marken
Marianske_Lazne	Marienbad
ma	Marokko
Marseille	Marseille
Martin	Martin
us-md	Maryland
Maseru	Maseru
us-ma	Massachusetts
Mataro	Mataró
mr	Mauretanien
Mbabane	Mbabane
in-ml	Meghalaya
de-mv	Mecklenburg-Vorpommern
Mekong	Mekong
Melbourne	Melbourne
Melekeok	Melekeok
Melnik	Melnik
Melun	Melun
Memphis	Memphis
Menorca	Menorca
Mesa	Mesa
Messina	Messina
Metz	Metz
Mexico_City	Mexiko-Stadt
mx	Mexiko
Miami	Miami
Michalovce	Großmichel
us-mi	Michigan
Lake_Michigan	Michigansee
Middlesbrough	Middlesbrough
fr-n	Midi-Pyrénées
Milan	Mailand
Milwaukee	Milwaukee
MINDANAO	Mindanao
Mindoro	Mindoro
Minneapolis	Minneapolis
us-mn	Minnesota
Minsk	Minsk
Mississippi	Mississippi
us-ms	Mississippi
Missouri	Missouri River
us-mo	Missouri
in-mz	Mizoram
Mlada_Boleslav	Jungbunzlau
Munich	München
Modena	Modena
Mogadishu	Mogadischu
Moldava_nad_Bodvou	Moldau an der Bodwa
md	Moldawien
it-67	Molise
Monaco	Monaco
mn	Mongolei
Monrovia	Monrovia
us-mt	Montana
Monterrey	Monterrey
Montevideo	Montevideo
Montpellier	Montpellier
Montreal	Montréal
Morava	March
Moravska_Trebova	Mährisch Trübau
cz-mo	Mährisch-Schlesische Region
Moroni	Moroni
mz	Mosambik
Moscow	Moskau
Most	Brüx
Mulhouse	Mülhousen
Mumbai	Mumbai
Murcia	Murcia
es-mu	Murcia
Murray	Murray River
Muscat	Maskat
mm	Myanmar
Myjava	Miawa
Mze	Mies, Miesa
-99	Republik Zypern
Nachod	Nachod
in-nl	Nagaland
Nairobi	Nairobi
na	Namibia
Nancy	Nancy
Nantes	Nantes
Nassau	Nassau
es-na	Navarra
Ndjamena	N’Djamena
Naples	Neapel
us-ne	Nebraska
Negros	Negros
Naypyidaw	Naypyidaw
de	Deutschland
np	Nepal
Neratovice	Neratowitz
us-nv	Nevada
us-nh	New Hampshire
us-nj	New Jersey
New_York	New York
us-ny	New York
Newcastle	Newcastle
ISLAND_OF_NEWFOUNDLAND	Neufundland
ca-nl	Neufundland und Labrador
Niamey	Niamey
Nice	Nizza
Nicosia	Nicosia
ne	Niger
Niger	Niger
ng	Nigeria
ni	Nicaragua
Lago_de_Nicaragua	Nicaraguasee
Nile	Nil
Nimes	Nimes
cn-64	Ningxia
Nitra	Neutra
sk-ni	Neutraer
Nizky_Jesenik	Niederes Gesenke
nl	Niederlande
fr-o	Nord-Pas-de-Calais
Norfolk	Norwolk
Nurnberg	Nürnberg
no	Norwegen
Nottingham	Nottingham
Nouakchott	Nouakchott
Nova_Dubnica	Neudubnitz
NEW_GUINEA	Neuguinea
nc	Neukaledonien
New_Delhi	Neu-Delhi
Nove_Mesto_nad_Vahom	Neustadt an deer Waag
us-nm	New Mexiko
Nova_Scotia	Neuschottland
ca-ns	Neuschottland
Nove_Zamky	Neuhäuse
Novohradske_hory	Gratzener Bergland
Novy_Bor	Haida
ca-nb	New Brunswick
Novy_Jicin	Neu Titschein
au-ns	New South Wales
nz	Neuseeland
ca-nu	Nunavut
Nymburk	Nimburg
Oakland	Oakland
Ob	Ob
Odra	Oder
Oder	Oder
us-oh	Ohio
TIERRA_DEL_FUEGO	Feuerland
Ohre	Eger
Okawango	Okavango
us-ok	Oklahoma
Olomouc	Olmütz
cz-ol	Olmützer Region
om	Oman
Lake_Onega	Onegasee
L._Ontario	Ontariosee
ca-on	Ontario
Opava	Troppau
Orange	Orange River
us-or	Oregon
Orinoco	Orinoco
Orlando	Orlando
Orleans	Orleans
Orlice	Adler
Orlicke_hory	Adlergebirge
Orlova	Orlau
Osaka	Ōsaka
Oslo	Oslo
Ostrava	Ostrau
Ostravice	Ostrawitza
Ostrov	Ostrau
ca-pe	Prince Edward Island
Otava	Wottawa
Otrokovice	Otrokowitz
Ottawa	Ottawa
Ouagadougou	Ouagadougou
Oviedo	Oviedo
Po	Po
pk	Pakistan
Palawan	Palawan
Palermo	Palermo
ps	Palästinensische Autonomiebehörde
Palma	Palma de Mallorca
PAMIRS	Pamir
Pamplona	Pamplona
pa	Panama
Panama_City	Panama-Stadt
Panay	Panay
in-pb	Punjab
pg	Papua-Neuguinea
py	Paraguay
Paramaribo	Paramaribo
Parana	Río Paraná
Pardubice	Pardubitz
cz-pa	Pardubitzer Region
Paris	Paris
Parma	Parma
Partizanske	Partizánske
Passau	Passau
fr-r	Länder der Loire
Pyongyang	Pjöngjang
Beijing	Peking
cn-11	Peking
Pelhrimov	Pilgram
us-pa	Pennsylvania
Perth	Perth
pe	Peru
Pescara	Pescara
Pezinok	Bösing
Philadelphia	Philadelphia
Phnom_Penh	Phnom Penh
Phoenix	Phoenix
it-21	Piemont
Piestany	Pistian
fr-s	Picardie
Pindus_Mts.	Pindos
Pisa	Pisa
Pisek	Pisek
Pittsburgh	Pittsburgh
Plzen	Pilsen
Plzenska_pahorkatina	Pilsner Hügelland
cz-pl	Pilsner Region
ci	Elfenbeinküste
COAST_MOUNTAINS	Coast Mountains
Podebrady	Podiebrad
Podgorica	Podgorica
fr-t	Poitou-Charentes
pl	Polen
Poprad	Deutschendorf
Port_Moresby	Port Moresby
Port-Vila	Port Vila
Port-au-Prince	Port-au-Prince
Portland	Portland
Port-of-Spain	Port-of-Spain
Porto-Novo	Porto-Novo
pr	Portoriko
Portsmouth	Portsmouth
pt	Portugal
de-rp	Rheinland-Pfalz
Povazska_Bystrica	Waagbistritz
Prachatice	Prachatitz
cz-pr	Hauptstadt Prag
Praha	Prag
Prague	Prag
Prerov	Prerau
Presov	Preschau
sk-pv	Eperieser 
Pretoria	Pretoria
Pribram	Pibrans
Prievidza	Priwitz
Pristina	Prishtina
Prostejov	Proßnitz in Mähren
fr-u	Provence-Alpes-Côte d’Azur
Providence	Providence
Puchov	Puchau
Putrajaya	Putrajaya
PYRENEES	Pyrenäen
ca-qc	Québec
Quebec	Québec
au-ql	Queensland
Quito	Quito
Rabat	Rabat
Radbuza	Radbusa
in-rj	Rajasthan
at	Österreich
Rakovnik	Rakonitz
Raleigh	Raleigh
Rangoon	Rangun
Reading	Reading
gr	Griechenland
Reggio_di_Calabria	Reggio Calabria
St._Lawrence	Sankt-Lorenz-Strom
Reims	Reims
Rennes	Rennes
Revuca	Großrauschenbach
Reykjavik	Reykjavík
us-ri	Rhode Island
Rhodes	Rhodos
Rhone	Rhone
fr-v	Rhône-Alpes
Riga	Riga
Riyadh	Riad
Rome	Rom
Rimavska_Sobota	Großsteffelsdorf
Rio_de_Janeiro	Rio de Janeiro
Rio_Grande	Rio Grande
Rokycany	Rokitzan
Roseau	Roseau
Roudnice_nad_Labem	Raudnitz an der Elbe
Rouen	Rouen
gq	Äquatorialguinea
Roznava	Rosenau
Roznov_pod_Radhostem	Rosenau unter dem Radhoscht
Rumburk	Rumburg
ro	Rumänien
ru	Russland
Ruzomberok	Rosenberg
rw	Ruanda
Rychlebske_hory	Reichensteiner Gebirge
Rychnov_nad_Kneznou	Reichenau an der Knieschna
Rhine	Rhein
Saarbrucken	Saarbrücken
Saaremaa	Saaremaa
Sabinov	Zeben
SAKHALIN	Sakhalin
Sacramento	Sacramento
Saint_George's	Saint George's
Saint_John's	Saint John's
Saint-Etienne	Saint-Etienne
Sala	Schelle
Salamanca	Salamanca
sb	Salomonen
at-sz	Land Salzburg
Salerno	Salerno
sv	Salvador
Salzburg	Salzburg
Samar	Samar
Samorin	Sommerein
San_Antonio	San Antonio
San_Bernardino	San Bernardino
San_Diego	San Diego
San_Francisco	San Francisco
San_Jose	San Jose
San_Marino	San Marino
San_Salvador	San Salvador
San_Sebastian	Donostia-San Sebastián
Sanaa	Sanaa
Shanghai	Shanghai
cn-31	Shanghai
cn-14	Shanxi
Santander	Santander
Santiago	Santiago del Estero
Santo_Domingo	Santo Domingo
cn-37	Shandong
Sao_Paulo	São Paulo
Sao_Tome	São Tomé
Sarajevo	Sarajevo
Sardegna	Sardinien
it-88	Sardinien
Chari	Schari
de-sl	Saarland
ca-sk	Saskatchewan
de-sn	Sachsen
de-st	Sachsen-Anhalt
sa	Saudi-Arabien
Sazava	Sasau
cn-51	Sichuan
Seattle	Seattle
Seine	Seine
Senec	Wartberg
sn	Senegal
Senegal	Senegal
Senica	Senitz
cn-61	Shaanxi
Sered	Sered
namerica	Nordamerika
us-nd	Nord - Dakota
Svernaya_Dvina	Düna
us-nc	Nord - Karolina
kp	Nordkorea
NORTH_ISLAND	Nordinsel (Neuseeland)
de-nw	Nordrhein-Westfalen
au-nt	Northern Territory
ca-nt	Nordwest-Territorien
Seville	Sevilla
Sheffield	Sheffield
it-82	Sizilien
Sicilia	Sizilien
sl	Sierra Leone
Sierra_Morena	Sierra Morena
S._Nevada	Sierra Nevada
in-sk	Sikkim
SHIKOKU	Shikoku
Singapore	Singapur
cn-65	Xinjiang
Siwalik_Hills	Siwaliks
Zealand	Seeland
Skalica	Skalitz
ROCKY_MOUNTAINS	Rocky Mountains
KJLEN_MOUNTAINS	Skandinavische Gebirge
Skopje	Skopje
Slany	Schlan
de-sh	Schleswig-Holstein
sk	Slowakei
si	Slowenien
Snina	Snina
Reindeer_Lake	Reindeer Lake
Sofia	Sofia
Sokolov	Falkenau
xs	Somaliland
so	Somalia
Seoul	Seoul
Southampton	Southampton
Southend	Southend on Sea
es	Spanien
Spisska_Nova_Ves	Zipser Neuendorf
ae	Vereinigte Arabische Emirate
gb	Vereinigtes Königreich
us	Vereinigte Staaten von Amerika
rs	Serbien
lk	Sri Lanka
St._Louis	Saint Louis
STANOVOY_RANGE	Stanowoigebirge
Stara_Lubovna	Altlublau
Balkan_Mts.	Balkangebirge
Sternberk	Sternberg
Stockholm	Stockholm
Stoke	Stoke
Strakonice	Strakonitz
Strasbourg	Straßburg
cf	Zentralafrikanische Republik
Stredoceska_pahorkatina	Mittelböhmisches Hügelland
cz-st	Mittelböhmische Region
Stropkov	Stroppkau
Sturovo	Gockern
Stuttgart	Stuttgart
at-st	Steiermark
Sukhona	Suchona
Sucre	Sucre
sd	Sudan
Sudetes_Mts.	Sudeten
SULAWESI	Sulavesi
SUMATRA	Sumatra
Sumava	Böhmerwald
Bohmerwald	Böhmerwald
Sumperk	Mährisch Schönberg
Sunderland	Sunderland
Surany	Schuran
sr	Suriname
Susice	Schüttenhofen
Suva	Suwa
sz	Swasiland
se	Schweden
world	Welt
Svidnik	Oberswidnik
Svitava	Zwitta
Svitavy	Zwittau
Svratka	Schwarza
ch	Schweiz
Sydney	Sydney
Syr_Darya	Syrdarja
sy	Syrien
Tabor	Tabor
Tachov	Tachau
tj	Tadschikistan
Taipei	Taipeh
TAIWAN	Taiwan
Tajo	Tajo
Tallinn	Tallinn
in-tn	Tamil Nadu
Tampa	Tampa
Lake_Tanganyika	Tanganjikasee
TIAN_SHAN	Tian Shan
tz	Tansania
Taranto	Tarent
Tarawa	Tarawa
Tashkent	Taschkent
TASMANIA	Tasmanien
au-ts	Tasmanien
Tatra_Mts.	Tatra
Tbilisi	Tiflis
tw	Taiwan
cn-12	Tianjin
Tegucigalpa	Teguacigalpa
Tehran	Teheran
Tel_Aviv-Yafo	Tel Aviv-Jaffa
Thames	Themse
us-tn	Tennessee
Teplice	Teplitz
au-ct	Australian Capital Territory
Trieste	Triest
us-tx	Texas
th	Thailand
Thimphu	Thimphu
cn-36	Jiangxi
cn-32	Jiangsu
cn-54	Autonomes Gebiet Tibet
Tigris	Tigris
cn-22	Jilin
TIMOR	Timor
Tirana	Tirana
Tisa	Theiß
Lago_Titicaca	Titicacasee
tg	Togo
Tokyo	Tokio
Topolcany	Topoltschan
Toronto	Toronto
it-52	Toskana
Toulon	Toulon
Toulouse	Toulouse
Tours	Tours
Trebic	Trebitsch
Trebisov	Trebischau
sk-tc	Trentschiner
Trencin	Trentschin
Treviso	Treviso
it-32	Südtirol
Trinec	Trzynietz
tt	Trinidad und Tobago
Tripoli	Tripolis
in-tr	Tripura
Trnava	Tyrnau
sk-ta	Tyrnauer
Trutnov	Trautenau
Tunis	Tunis
tn	Tunesien
tr	Türkei
Turin	Turin
tm	Turkmenistan
Turnov	Turnau
at-tr	Tirol
Ubangi	Ubangi
it-23	Aostatal
ug	Uganda
Uherske_Hradiste	Ungarisch Hradisch
Uhersky_Brod	Ungarisch Brod
Uhlava	Angel
ua	Ukraine
Ulaanbaatar	Ulaanbaatar
it-55	Umbrien
Unicov	Mährisch-Neustadt
URAL_MOUNTAINS	Ural
in-or	Odisha
uy	Uruguay
Urumqi	Ürümqi
Uslava	Uslawa
cz-us	Aussiger Region
Usti_nad_Labem	Aussig
Usti_nad_Orlici	Wildenschwert
us-ut	Utah
in-ut	Uttarakhand
in-up	Uttar Pradesh
uz	Usbekistan
Vaduz	Vaduz
Valasske_Mezirici	Walachisch Meseritsch
Valencia	Valentz
es-vc	Valencia
Valladolid	Valladolid
Valletta	Valletta
Vancouver_Island	Vancouver
Vancouver	Vancouver
Vanern	Vänern
vu	Vanuatu
Varnsdorf	Warnsdorf
Warsaw	Warschau
GREAT_BRITAIN	Großbritannien
Great_Bear_Lake	Großer Bärensee
Velke_Mezirici	Groß Meseritsch
Great_Slave_Lake	Großer Sklavensee
GREAT_DIVIDING_RANGE	Australisches Bergland, Großes Australisches Scheidegebirge oder Australische Kordillere
GREATER_KHINGAN_RANGE	Großes Hinggan-Gebirge
Velky_Krtis	Veľký Krtíš
ve	Venezuela
us-vt	Vermont
Verona	Verona
Veseli_nad_Moravou	Wessely an der March
Vesteralen	Vesterålen
au-vi	Victoria
Vienna	Wien
at-wi	Wien
Vientiane	Vientiane
vn	Vietnam
Vigo	Vigo
VICTORIA_ISLAND	Victoria Island
Lake_Victoria	Victoriasee
Vilnius	Vilnius
Virginia_Beach	Virginia Beach
us-va	Virginia   
Vistula	Weichsel
Vitoria	Vitoria
Vlasim	Wlaschim
Vltava	Moldau
cn-15	Innere Mongolei
Vosges	Vogesen
Volga	Wolga
at-vo	Vorarlberg
Vranov_nad_Toplou	Vronau an der Töpl
Vrchlabi	Hohenelbe
Vsetin	Wsetin
Vychegda	Wytschegda
tl	Osttimor
Vyskov	Wischau
cz-vy	Region Hochland
Vysoke_Myto	Hohenmaut
us-wa	Washington
Wellington	Wellington
West_Palm_Beach	West Palm Beach
Wiener_Neustadt	Wiener Neustadt
Wiesbaden	Wiesbaden
Windhoek	Windhoek
Windsor	Windsor
Winnipeg	Winnipeg
Lake_Winnipegosis	Winnipegosissee
Lake_Winnipeg	Winnipegsee
us-wi	Wisconsin
Wuppertal	Wuppertal
us-wy	Wyoming
Yamoussoukro	Yamoussoukro
Yaounde	Yaoundé
Yukon	Yukon River
ca-yt	Yukon
Zabreh	Hohenstadt
ZAGROS_MOUNTAINS	Zagros
Zagreb	Zagreb
Zambezi	Sambesi
zm	Sambia
au-wa	Western Australia
in-wb	Westbengalen
Daugava_(Zapadnaya_Dvina)	Düna
eh	Westsahara
us-wv	West Virginia
Zaragoza	Saragossa
Zatec	Saaz
Zdar_nad_Sazavou	Saar
Ziar_nad_Hronom	Heiligenkreuz an der Gran
Zilina	Sillein
sk-zi	Silleiner
zw	Simbabwe
Zlate_Moravce	Goldmorawitz
Zlin	Zlin
cz-zl	Zliner Region
Huang	Gelber Fluss
Znojmo	Znaim
Zvolen	Altsohl
